Loan_ID,Gender,Married,Dependents,Education,Self_Employed,ApplicantIncome,CoapplicantIncome,LoanAmount,Loan_Amount_Term,Credit_History,Property_Area,Loan_Status
LP000000,Male,No,3+,Graduate,No,6576,1022.7224191273209,162,360,1.0,Semiurban,Y
LP000001,Female,No,0,Graduate,No,10124,1630.0829833070245,195,360,1.0,Semiurban,Y
LP000002,Male,Yes,2,Not Graduate,No,2051,401.8150760168972,90,360,1.0,Urban,N
LP000003,Male,Yes,0,Graduate,No,2320,0.0,235,360,1.0,Rural,Y
LP000004,Male,No,0,Graduate,No,7410,0.0,155,360,1.0,Urban,Y
LP000005,Male,No,0,Graduate,No,4735,0.0,171,360,0.0,Semiurban,Y
LP000006,Male,Yes,1,Not Graduate,No,5602,694.0674061856598,122,360,1.0,Urban,Y
LP000007,Female,Yes,0,Graduate,No,4936,3256.7908829523335,92,84,1.0,Urban,Y
LP000008,Male,Yes,2,Graduate,No,5086,893.4991029903205,138,300,1.0,Urban,Y
LP000009,Male,Yes,0,Not Graduate,No,1815,0.0,144,360,1.0,Semiurban,Y
LP000010,Male,Yes,3+,Not Graduate,No,7543,0.0,77,360,1.0,Urban,Y
LP000011,Female,Yes,0,Not Graduate,Yes,8117,0.0,184,360,1.0,Rural,Y
LP000012,Female,Yes,2,Not Graduate,No,3506,0.0,200,360,1.0,Urban,N
LP000013,Male,No,2,Graduate,No,3920,480.43955951911306,100,360,1.0,Semiurban,N
LP000014,Male,Yes,2,Graduate,No,1605,764.9038086246425,89,360,1.0,Rural,Y
LP000015,Male,Yes,2,Graduate,No,5478,400.8069273998828,118,360,1.0,Semiurban,Y
LP000016,Male,No,2,Not Graduate,No,5671,2814.1965113164647,135,180,0.0,Semiurban,Y
LP000017,Male,No,1,Graduate,No,3876,0.0,120,180,1.0,Semiurban,N
LP000018,Male,Yes,0,Graduate,No,7899,0.0,131,360,1.0,Urban,Y
LP000019,Male,Yes,0,Graduate,No,3292,0.0,146,360,1.0,Rural,Y
LP000020,Male,Yes,3+,Graduate,Yes,5646,3032.6485638805048,77,360,1.0,Urban,Y
LP000021,Male,Yes,1,Graduate,No,2182,0.0,81,360,1.0,Semiurban,Y
LP000022,Male,Yes,2,Not Graduate,Yes,3967,490.2813194228566,45,360,1.0,Semiurban,N
LP000023,Male,Yes,0,Not Graduate,No,3624,0.0,195,360,1.0,Urban,Y
LP000024,Male,Yes,0,Graduate,No,4606,0.0,135,360,1.0,Urban,Y
LP000025,Male,Yes,0,Graduate,No,3223,379.6001677958882,204,360,1.0,Semiurban,Y
LP000026,Male,Yes,1,Graduate,No,3718,0.0,85,360,1.0,Rural,N
LP000027,Male,Yes,0,Graduate,No,6605,671.8658478522459,135,360,1.0,Rural,Y
LP000028,Male,Yes,0,Not Graduate,No,3096,5021.943599003179,146,360,1.0,Semiurban,Y
LP000029,Male,Yes,0,Graduate,No,1534,0.0,107,360,1.0,Semiurban,Y
LP000030,Male,Yes,0,Graduate,No,11495,2767.2379148695554,72,360,1.0,Rural,Y
LP000031,Male,No,1,Not Graduate,No,9217,1435.3457548238086,269,360,1.0,Urban,Y
LP000032,Male,Yes,0,Graduate,No,1853,0.0,235,360,0.0,Urban,Y
LP000033,Female,No,2,Graduate,No,6086,6450.230738395053,115,360,1.0,Semiurban,Y
LP000034,Female,No,0,Graduate,No,2975,0.0,164,84,0.0,Rural,N
LP000035,Male,Yes,0,Graduate,No,4713,0.0,110,360,1.0,Rural,Y
LP000036,Male,Yes,0,Graduate,No,4800,0.0,90,360,1.0,Semiurban,Y
LP000037,Male,Yes,0,Graduate,No,3495,2095.9629731957775,278,360,1.0,Urban,Y
LP000038,Male,Yes,0,Graduate,No,2514,848.4432090535192,69,480,0.0,Semiurban,N
LP000039,Male,No,0,Not Graduate,No,2658,0.0,119,360,1.0,Urban,N
LP000040,Male,Yes,1,Graduate,No,2322,1731.7298839230086,138,360,1.0,Urban,Y
LP000041,Male,Yes,0,Graduate,No,2442,0.0,259,360,1.0,Rural,Y
LP000042,Male,Yes,1,Graduate,No,3864,2330.7901494335465,192,360,1.0,Urban,Y
LP000043,Female,Yes,2,Graduate,No,2618,2105.5649858666607,68,360,1.0,Rural,Y
LP000044,Male,Yes,2,Graduate,No,6058,823.9952559875671,134,360,0.0,Semiurban,Y
LP000045,Male,Yes,0,Graduate,No,9821,2590.4299124086506,135,360,0.0,Semiurban,N
LP000046,Male,Yes,0,Graduate,No,2841,0.0,122,180,1.0,Urban,Y
LP000047,Male,No,0,Not Graduate,No,4645,0.0,172,360,0.0,Urban,N
LP000048,Male,Yes,0,Graduate,No,5430,2585.0444977965244,76,360,1.0,Urban,Y
LP000049,Male,Yes,3+,Graduate,Yes,5341,0.0,114,360,1.0,Rural,Y
LP000050,Female,Yes,0,Not Graduate,No,4211,0.0,162,360,1.0,Rural,Y
LP000051,Male,Yes,0,Graduate,No,6283,5190.793527175372,176,360,1.0,Semiurban,Y
LP000052,Female,Yes,1,Graduate,No,5374,1654.8534021957273,142,360,0.0,Urban,Y
LP000053,Female,Yes,1,Graduate,No,1914,2858.0997186477844,119,360,1.0,Rural,Y
LP000054,Male,Yes,0,Graduate,Yes,6778,0.0,127,360,1.0,Urban,Y
LP000055,Female,Yes,0,Graduate,No,6852,2316.932025082982,180,360,1.0,Urban,Y
LP000056,Male,Yes,0,Graduate,No,2545,0.0,136,360,1.0,Semiurban,N
LP000057,Male,No,0,Not Graduate,No,4116,0.0,88,360,1.0,Rural,Y
LP000058,Male,Yes,0,Graduate,No,6063,0.0,81,360,0.0,Urban,Y
LP000059,Male,Yes,0,Graduate,No,3548,0.0,74,360,1.0,Urban,Y
LP000060,Male,Yes,0,Graduate,Yes,7660,0.0,240,480,1.0,Rural,Y
LP000061,Male,No,0,Graduate,No,16619,0.0,185,180,1.0,Urban,Y
LP000062,Female,Yes,0,Graduate,No,2510,0.0,128,360,1.0,Urban,Y
LP000063,Male,Yes,0,Graduate,No,1757,2529.274995520846,111,360,1.0,Semiurban,N
LP000064,Male,No,0,Not Graduate,No,4828,0.0,106,360,1.0,Rural,N
LP000065,Male,No,1,Graduate,Yes,6203,1317.452768708076,207,360,1.0,Semiurban,Y
LP000066,Male,No,2,Graduate,No,3503,2159.93171043847,287,360,1.0,Rural,N
LP000067,Male,Yes,0,Graduate,No,9623,0.0,105,360,1.0,Semiurban,Y
LP000068,Male,Yes,0,Graduate,No,1802,0.0,211,360,1.0,Urban,Y
LP000069,Female,No,0,Not Graduate,No,6098,6912.692003823937,135,180,1.0,Rural,Y
LP000070,Male,No,1,Not Graduate,No,2797,0.0,123,360,1.0,Semiurban,N
LP000071,Male,Yes,1,Graduate,No,11289,329.7115112284251,245,360,1.0,Urban,Y
LP000072,Male,Yes,0,Graduate,Yes,13299,405.10525748901034,133,360,0.0,Semiurban,Y
LP000073,Female,Yes,3+,Graduate,No,2540,0.0,151,360,1.0,Urban,Y
LP000074,Male,No,0,Not Graduate,No,2893,0.0,148,360,1.0,Urban,Y
LP000075,Male,Yes,0,Graduate,No,6739,3202.502557960763,70,360,1.0,Urban,Y
LP000076,Male,Yes,1,Graduate,No,3189,0.0,150,360,1.0,Semiurban,N
LP000077,Male,Yes,2,Graduate,Yes,3915,0.0,107,360,1.0,Rural,Y
LP000078,Male,Yes,1,Graduate,No,4085,0.0,76,360,0.0,Semiurban,N
LP000079,Male,Yes,2,Graduate,No,1271,0.0,109,360,1.0,Rural,Y
LP000080,Female,Yes,0,Graduate,No,3990,0.0,108,360,1.0,Urban,Y
LP000081,Male,Yes,2,Graduate,No,2660,5539.589702713434,202,360,1.0,Urban,Y
LP000082,Male,Yes,0,Not Graduate,No,2993,0.0,87,360,1.0,Urban,Y
LP000083,Male,Yes,2,Graduate,No,9567,2072.210139257143,97,360,1.0,Urban,Y
LP000084,Male,Yes,0,Graduate,No,1893,17938.82154074361,147,360,0.0,Urban,Y
LP000085,Male,Yes,2,Graduate,No,6554,0.0,79,360,1.0,Rural,Y
LP000086,Male,Yes,0,Graduate,No,3403,0.0,103,180,1.0,Rural,Y
LP000087,Male,Yes,1,Graduate,No,3402,5978.653067121208,69,360,1.0,Rural,Y
LP000088,Female,Yes,0,Graduate,Yes,6465,1300.8920290754534,194,360,1.0,Urban,Y
LP000089,Male,Yes,1,Graduate,No,4934,5031.995707433718,119,360,1.0,Rural,N
LP000090,Male,Yes,0,Graduate,Yes,5666,1558.2573589415763,133,360,1.0,Urban,Y
LP000091,Male,No,0,Graduate,No,7193,0.0,193,180,1.0,Urban,Y
LP000092,Male,Yes,0,Graduate,No,3298,0.0,100,360,1.0,Rural,Y
LP000093,Male,No,0,Not Graduate,Yes,2786,0.0,118,360,1.0,Semiurban,Y
LP000094,Male,Yes,2,Graduate,No,2098,0.0,88,360,1.0,Urban,N
LP000095,Male,No,0,Not Graduate,Yes,2452,918.2954934356552,87,360,1.0,Semiurban,Y
LP000096,Male,No,3+,Graduate,No,23610,0.0,92,360,1.0,Urban,Y
LP000097,Male,Yes,0,Graduate,No,8491,2640.642451110271,110,360,1.0,Semiurban,Y
LP000098,Male,Yes,0,Graduate,Yes,1788,5704.829207798985,115,360,1.0,Semiurban,Y
LP000099,Male,Yes,2,Graduate,No,1819,0.0,150,360,1.0,Rural,Y
LP000100,Male,Yes,1,Not Graduate,No,5372,3361.4388660268405,94,360,1.0,Urban,Y
LP000101,Male,No,0,Graduate,No,5587,0.0,152,300,1.0,Urban,Y
LP000102,Male,No,0,Not Graduate,Yes,5593,5624.149840135532,163,360,0.0,Semiurban,Y
LP000103,Male,No,1,Graduate,No,3453,2369.463376044028,111,180,1.0,Semiurban,Y
LP000104,Female,Yes,0,Graduate,No,3732,0.0,97,360,1.0,Urban,Y
LP000105,Male,No,3+,Graduate,No,4898,0.0,138,360,1.0,Semiurban,Y
LP000106,Male,No,3+,Graduate,Yes,4236,0.0,123,360,1.0,Rural,Y
LP000107,Male,Yes,1,Graduate,Yes,1062,0.0,146,360,1.0,Rural,Y
LP000108,Male,Yes,0,Graduate,No,3505,1296.2444236720141,251,360,1.0,Rural,Y
LP000109,Male,No,1,Graduate,No,2414,11218.52231284733,138,360,1.0,Rural,Y
LP000110,Male,Yes,0,Graduate,No,4469,990.343457882704,103,84,1.0,Semiurban,Y
LP000111,Male,No,0,Graduate,No,24128,523.6542194515373,94,360,1.0,Rural,Y
LP000112,Female,Yes,0,Not Graduate,No,5016,1494.4471990915547,95,360,1.0,Urban,Y
LP000113,Male,No,0,Not Graduate,No,3333,0.0,74,300,1.0,Semiurban,Y
LP000114,Male,Yes,2,Graduate,No,6995,1252.2882437818935,195,360,1.0,Urban,N
LP000115,Female,Yes,1,Graduate,No,5375,3352.749799768047,54,360,1.0,Semiurban,Y
LP000116,Male,Yes,2,Graduate,No,5177,7397.892933230863,163,360,1.0,Urban,Y
LP000117,Male,No,0,Not Graduate,No,5791,1345.652412710415,94,180,1.0,Rural,Y
LP000118,Female,No,0,Graduate,No,13820,968.5893132403176,109,84,0.0,Urban,Y
LP000119,Male,Yes,0,Graduate,No,2041,1051.953182765953,93,84,1.0,Urban,Y
LP000120,Male,Yes,3+,Not Graduate,No,5346,1094.2373057465597,239,360,1.0,Semiurban,Y
LP000121,Female,No,0,Graduate,No,2308,823.9889632437837,135,360,1.0,Urban,Y
LP000122,Male,Yes,2,Graduate,No,5615,0.0,184,360,1.0,Urban,Y
LP000123,Male,No,1,Graduate,No,2318,2945.909673044153,225,360,1.0,Urban,Y
LP000124,Male,Yes,0,Graduate,Yes,3132,3196.6470022875155,143,360,1.0,Semiurban,Y
LP000125,Male,Yes,1,Graduate,No,3370,0.0,83,360,1.0,Semiurban,Y
LP000126,Female,Yes,0,Graduate,No,7226,452.6136796093216,122,84,1.0,Rural,Y
LP000127,Female,Yes,2,Graduate,No,6981,0.0,99,480,1.0,Semiurban,Y
LP000128,Male,No,3+,Graduate,No,1905,691.0971305876315,109,360,0.0,Semiurban,N
LP000129,Male,Yes,0,Not Graduate,No,4158,3320.1652553756903,129,360,1.0,Urban,Y
LP000130,Male,Yes,0,Graduate,Yes,2628,0.0,127,360,1.0,Urban,Y
LP000131,Male,No,1,Graduate,No,1891,0.0,158,360,1.0,Rural,Y
LP000132,Male,Yes,3+,Graduate,No,3532,0.0,167,360,0.0,Urban,Y
LP000133,Male,Yes,0,Not Graduate,No,3343,0.0,127,360,1.0,Urban,Y
LP000134,Female,No,1,Graduate,No,17257,654.934743719329,157,360,1.0,Rural,Y
LP000135,Male,Yes,1,Graduate,No,5217,0.0,107,360,1.0,Semiurban,Y
LP000136,Male,Yes,1,Not Graduate,No,1760,1973.426749703764,227,360,1.0,Urban,Y
LP000137,Male,No,0,Not Graduate,No,2867,0.0,107,480,0.0,Urban,Y
LP000138,Male,Yes,1,Graduate,No,7426,2103.975347827354,216,360,1.0,Rural,Y
LP000139,Female,Yes,3+,Not Graduate,No,14087,0.0,74,360,1.0,Rural,Y
LP000140,Female,Yes,0,Graduate,No,1553,795.8397552575416,115,360,0.0,Semiurban,Y
LP000141,Male,No,0,Graduate,No,1302,0.0,117,360,1.0,Semiurban,Y
LP000142,Male,Yes,3+,Graduate,No,12364,0.0,150,84,1.0,Semiurban,Y
LP000143,Male,Yes,0,Graduate,Yes,5083,1482.0434227684266,189,360,1.0,Rural,Y
LP000144,Male,No,2,Graduate,No,2389,0.0,81,360,1.0,Rural,Y
LP000145,Male,No,0,Graduate,Yes,5545,843.9952742994066,86,360,1.0,Urban,Y
LP000146,Male,Yes,0,Graduate,No,827,1826.2125521431474,76,360,1.0,Rural,Y
LP000147,Male,Yes,2,Graduate,No,4032,0.0,227,360,1.0,Urban,Y
LP000148,Male,Yes,0,Graduate,Yes,4898,0.0,151,360,1.0,Urban,Y
LP000149,Male,No,0,Graduate,No,7006,905.8680285022738,87,360,1.0,Semiurban,Y
LP000150,Female,Yes,0,Graduate,Yes,2190,1357.739544397802,112,360,1.0,Semiurban,Y
LP000151,Male,Yes,1,Graduate,No,4236,5233.903588035436,215,360,1.0,Rural,Y
LP000152,Male,No,0,Graduate,No,2309,895.4635688955714,120,360,1.0,Urban,Y
LP000153,Male,No,0,Graduate,Yes,4690,1336.2115412021515,117,360,1.0,Semiurban,Y
LP000154,Female,Yes,3+,Not Graduate,No,2351,0.0,98,360,1.0,Rural,Y
LP000155,Male,No,0,Graduate,Yes,3149,4711.6692932170845,89,180,1.0,Rural,Y
LP000156,Male,Yes,1,Graduate,No,2213,2175.8109791873376,215,480,1.0,Urban,Y
LP000157,Male,No,0,Graduate,No,5947,0.0,262,360,1.0,Urban,Y
LP000158,Male,Yes,2,Graduate,No,6734,2941.270627959793,90,360,1.0,Semiurban,Y
LP000159,Male,Yes,0,Graduate,Yes,3495,0.0,235,360,1.0,Urban,Y
LP000160,Male,No,3+,Not Graduate,No,4117,350.7406204234372,110,360,1.0,Rural,Y
LP000161,Male,Yes,0,Graduate,No,1687,0.0,166,360,1.0,Rural,Y
LP000162,Male,Yes,0,Graduate,No,3361,2370.467094574873,236,360,0.0,Urban,N
LP000163,Male,No,0,Graduate,No,3904,0.0,126,360,1.0,Urban,Y
LP000164,Male,No,0,Graduate,No,19389,0.0,117,180,1.0,Urban,Y
LP000165,Female,Yes,0,Graduate,No,2064,0.0,185,180,1.0,Rural,Y
LP000166,Male,No,0,Graduate,No,9686,0.0,86,360,0.0,Urban,Y
LP000167,Male,Yes,2,Graduate,No,7318,0.0,212,360,1.0,Semiurban,Y
LP000168,Male,Yes,0,Graduate,No,4761,0.0,142,360,1.0,Semiurban,Y
LP000169,Male,Yes,0,Graduate,No,11558,0.0,106,360,1.0,Semiurban,Y
LP000170,Male,Yes,1,Not Graduate,Yes,5030,0.0,105,480,0.0,Urban,Y
LP000171,Male,No,1,Graduate,No,5082,0.0,77,360,1.0,Urban,Y
LP000172,Male,Yes,0,Graduate,No,3897,747.7465900177631,108,360,1.0,Rural,Y
LP000173,Male,Yes,0,Graduate,No,8384,0.0,120,360,0.0,Rural,N
LP000174,Male,Yes,0,Graduate,No,7768,0.0,87,180,0.0,Rural,N
LP000175,Male,No,1,Not Graduate,No,2764,2592.771682792706,131,360,0.0,Urban,N
LP000176,Male,Yes,1,Graduate,Yes,1823,1895.4041703311127,162,360,1.0,Urban,Y
LP000177,Male,Yes,0,Graduate,No,3562,0.0,123,360,1.0,Semiurban,Y
LP000178,Female,Yes,2,Not Graduate,No,2489,4257.717288958169,175,360,1.0,Urban,Y
LP000179,Male,Yes,2,Graduate,No,3873,0.0,97,360,1.0,Rural,Y
LP000180,Male,Yes,1,Not Graduate,No,8454,810.9662069368114,200,360,1.0,Semiurban,Y
LP000181,Male,No,2,Graduate,No,3058,702.3983545192659,140,360,1.0,Urban,Y
LP000182,Female,No,0,Graduate,No,3921,718.6105756017843,249,360,1.0,Rural,Y
LP000183,Female,Yes,0,Graduate,No,4166,907.4491611468782,352,360,1.0,Rural,Y
LP000184,Male,No,0,Graduate,No,6694,0.0,111,360,1.0,Urban,Y
LP000185,Male,No,0,Not Graduate,Yes,1045,2426.2348061047105,113,360,1.0,Semiurban,N
LP000186,Female,No,0,Graduate,No,2796,2929.532111809015,121,180,1.0,Urban,Y
LP000187,Male,Yes,3+,Graduate,No,4567,0.0,170,360,1.0,Semiurban,Y
LP000188,Male,Yes,0,Graduate,Yes,8267,0.0,228,360,1.0,Urban,Y
LP000189,Male,Yes,0,Graduate,No,2995,0.0,103,360,1.0,Semiurban,Y
LP000190,Male,Yes,0,Graduate,No,1305,848.6055696156408,156,360,1.0,Rural,Y
LP000191,Female,No,3+,Not Graduate,No,5836,1228.0106888233768,127,360,1.0,Semiurban,Y
LP000192,Female,No,0,Graduate,No,2748,4215.3784802978635,171,360,1.0,Urban,Y
LP000193,Male,No,0,Graduate,No,1970,2322.844007242821,245,360,1.0,Semiurban,Y
LP000194,Male,Yes,0,Graduate,No,2766,802.8696768547214,121,360,1.0,Urban,N
LP000195,Male,Yes,0,Graduate,No,3602,0.0,68,360,1.0,Rural,Y
LP000196,Male,No,3+,Graduate,No,2799,876.8259394693839,180,360,0.0,Semiurban,N
LP000197,Female,No,3+,Graduate,Yes,1071,0.0,96,360,1.0,Urban,Y
LP000198,Female,Yes,0,Not Graduate,No,6892,9593.467140702629,126,360,0.0,Urban,Y
LP000199,Male,No,3+,Graduate,No,8646,0.0,183,360,0.0,Rural,Y
LP000200,Male,No,1,Graduate,No,5948,0.0,151,360,1.0,Urban,Y
LP000201,Male,Yes,2,Graduate,No,2033,8543.909331305513,128,360,0.0,Rural,N
LP000202,Male,Yes,0,Not Graduate,No,3565,0.0,106,360,1.0,Urban,Y
LP000203,Female,Yes,0,Graduate,No,4008,0.0,42,360,1.0,Urban,Y
LP000204,Male,Yes,0,Graduate,No,5763,2594.0619729006953,177,360,1.0,Semiurban,Y
LP000205,Male,Yes,1,Graduate,No,6008,0.0,121,360,1.0,Rural,Y
LP000206,Male,No,0,Graduate,No,2590,0.0,246,180,0.0,Rural,N
LP000207,Male,Yes,0,Graduate,No,4226,0.0,157,300,1.0,Urban,Y
LP000208,Male,Yes,0,Graduate,No,5294,0.0,108,360,1.0,Urban,Y
LP000209,Male,Yes,1,Graduate,No,9638,0.0,205,360,1.0,Urban,Y
LP000210,Male,Yes,0,Graduate,Yes,6140,0.0,212,360,1.0,Semiurban,Y
LP000211,Male,No,1,Not Graduate,No,6460,2541.200653596232,123,360,1.0,Semiurban,Y
LP000212,Male,Yes,3+,Not Graduate,No,4231,1112.9810103250236,216,360,1.0,Rural,N
LP000213,Male,Yes,0,Graduate,No,9379,0.0,107,360,0.0,Rural,Y
LP000214,Male,No,1,Graduate,No,5145,0.0,143,360,1.0,Semiurban,Y
LP000215,Male,Yes,0,Graduate,No,2400,0.0,168,360,1.0,Semiurban,Y
LP000216,Male,Yes,2,Graduate,No,9339,767.6378443182227,183,180,1.0,Rural,Y
LP000217,Male,Yes,0,Graduate,No,6116,0.0,172,360,1.0,Rural,Y
LP000218,Male,Yes,1,Graduate,No,3084,2883.717220373816,117,360,1.0,Urban,N
LP000219,Female,Yes,2,Graduate,No,3017,780.4630585314198,207,180,1.0,Urban,Y
LP000220,Male,Yes,3+,Not Graduate,No,4807,2049.9657584026777,127,360,1.0,Semiurban,Y
LP000221,Male,Yes,1,Graduate,Yes,5312,2414.2256040580965,106,360,0.0,Urban,N
LP000222,Male,No,0,Graduate,Yes,4529,0.0,107,360,1.0,Urban,Y
LP000223,Male,Yes,1,Not Graduate,No,4850,754.6613411315101,291,300,0.0,Urban,Y
LP000224,Male,Yes,2,Graduate,No,11158,0.0,99,360,1.0,Semiurban,Y
LP000225,Male,Yes,1,Graduate,No,7653,0.0,225,360,1.0,Urban,Y
LP000226,Female,Yes,0,Graduate,Yes,4511,3219.264801767499,85,360,1.0,Urban,Y
LP000227,Male,No,3+,Graduate,No,7078,4913.270674789403,163,360,0.0,Urban,Y
LP000228,Female,Yes,1,Graduate,No,2165,1387.6523210582056,151,360,1.0,Rural,Y
LP000229,Male,No,1,Graduate,Yes,5108,1670.2432605571817,256,360,0.0,Rural,N
LP000230,Male,Yes,0,Graduate,Yes,11915,1116.2648944264124,103,360,0.0,Semiurban,N
LP000231,Male,Yes,1,Not Graduate,No,3530,0.0,92,480,1.0,Semiurban,Y
LP000232,Male,Yes,0,Not Graduate,No,2419,1574.6032426282334,128,360,1.0,Rural,Y
LP000233,Male,No,1,Not Graduate,No,2720,1024.999289147837,261,360,1.0,Urban,Y
LP000234,Male,Yes,0,Graduate,No,2092,0.0,94,360,1.0,Urban,Y
LP000235,Male,Yes,1,Graduate,No,2512,0.0,47,360,1.0,Urban,Y
LP000236,Male,Yes,3+,Not Graduate,Yes,3221,0.0,137,480,1.0,Urban,Y
LP000237,Male,No,0,Graduate,No,1731,0.0,196,360,1.0,Urban,Y
LP000238,Male,Yes,3+,Graduate,No,4061,0.0,89,360,1.0,Rural,Y
LP000239,Male,No,0,Graduate,No,6914,1804.5687585020019,188,360,1.0,Semiurban,Y
LP000240,Female,Yes,2,Graduate,No,2334,0.0,88,360,1.0,Semiurban,Y
LP000241,Female,Yes,2,Not Graduate,No,10012,0.0,126,360,1.0,Rural,Y
LP000242,Female,Yes,0,Graduate,No,5466,0.0,181,360,1.0,Urban,Y
LP000243,Male,Yes,1,Graduate,No,7467,0.0,83,360,1.0,Urban,Y
LP000244,Male,Yes,2,Graduate,No,2711,7244.14808094305,144,360,1.0,Semiurban,Y
LP000245,Female,Yes,0,Graduate,No,6719,0.0,218,360,1.0,Semiurban,Y
LP000246,Male,No,0,Not Graduate,Yes,2089,518.4302116814937,162,360,1.0,Urban,Y
LP000247,Female,Yes,1,Graduate,Yes,6864,0.0,100,84,1.0,Semiurban,Y
LP000248,Female,Yes,2,Graduate,No,4460,0.0,246,360,1.0,Semiurban,Y
LP000249,Female,Yes,2,Not Graduate,No,5608,2150.1652536348215,174,360,1.0,Semiurban,Y
LP000250,Male,Yes,2,Graduate,Yes,1987,2565.3508955467664,63,360,0.0,Semiurban,N
LP000251,Male,Yes,0,Graduate,No,2351,3512.746360805668,189,360,1.0,Urban,Y
LP000252,Female,Yes,2,Graduate,Yes,5757,2268.787482137885,106,360,1.0,Urban,Y
LP000253,Male,Yes,0,Not Graduate,No,2277,5242.008069267805,145,480,1.0,Semiurban,Y
LP000254,Male,No,0,Graduate,No,5313,649.1316477449388,200,360,1.0,Urban,Y
LP000255,Male,No,0,Graduate,No,1771,0.0,107,480,1.0,Rural,N
LP000256,Female,Yes,0,Not Graduate,No,6693,4361.874253974047,69,360,1.0,Semiurban,Y
LP000257,Male,Yes,0,Graduate,No,1920,0.0,245,360,1.0,Urban,N
LP000258,Male,Yes,0,Not Graduate,Yes,5604,8342.642316640928,213,480,1.0,Rural,Y
LP000259,Male,Yes,1,Graduate,No,5856,0.0,129,360,1.0,Semiurban,Y
LP000260,Male,Yes,0,Graduate,No,2648,0.0,188,300,1.0,Urban,Y
LP000261,Female,Yes,0,Graduate,No,5705,0.0,115,360,0.0,Rural,N
LP000262,Male,No,0,Not Graduate,No,4704,1421.2786487413496,139,300,1.0,Rural,Y
LP000263,Male,No,0,Graduate,Yes,2912,2875.2238993563515,126,360,1.0,Semiurban,Y
LP000264,Female,Yes,0,Not Graduate,No,2197,0.0,117,360,1.0,Urban,Y
LP000265,Male,Yes,0,Not Graduate,No,1239,1807.5887646683757,155,360,1.0,Semiurban,Y
LP000266,Male,Yes,1,Graduate,No,4963,0.0,82,360,1.0,Rural,Y
LP000267,Male,No,1,Not Graduate,No,1573,2522.881123683221,121,360,1.0,Urban,N
LP000268,Male,Yes,1,Graduate,No,4260,0.0,152,360,1.0,Urban,Y
LP000269,Male,Yes,0,Graduate,No,3435,0.0,280,360,1.0,Rural,Y
LP000270,Male,No,0,Graduate,Yes,6048,0.0,84,360,1.0,Urban,Y
LP000271,Female,Yes,2,Not Graduate,No,3356,7742.264834416456,165,360,1.0,Semiurban,Y
LP000272,Female,No,0,Graduate,No,3302,392.49159775282817,172,360,1.0,Semiurban,N
LP000273,Female,Yes,0,Graduate,No,6242,0.0,63,360,1.0,Semiurban,Y
LP000274,Male,Yes,0,Graduate,No,4919,0.0,158,360,1.0,Urban,Y
LP000275,Male,Yes,0,Graduate,No,4864,0.0,190,360,1.0,Rural,Y
LP000276,Male,No,0,Graduate,Yes,5332,246.9875961299428,169,360,1.0,Urban,Y
LP000277,Male,No,0,Not Graduate,No,1601,739.7045358843211,129,360,1.0,Semiurban,Y
LP000278,Male,No,1,Not Graduate,No,6336,0.0,153,480,1.0,Semiurban,Y
LP000279,Male,Yes,0,Graduate,No,5810,0.0,143,360,1.0,Semiurban,Y
LP000280,Female,No,1,Not Graduate,No,2186,2338.522430778471,68,360,1.0,Rural,N
LP000281,Male,Yes,2,Graduate,No,3475,2678.376569551532,145,360,1.0,Semiurban,Y
LP000282,Male,Yes,2,Not Graduate,No,3930,1067.848622383546,115,360,0.0,Semiurban,Y
LP000283,Male,No,1,Graduate,Yes,3711,3695.8215568067058,101,360,1.0,Rural,Y
LP000284,Male,Yes,3+,Graduate,No,4916,617.8821856714816,362,360,1.0,Semiurban,Y
LP000285,Male,Yes,0,Graduate,No,9497,0.0,221,360,1.0,Urban,Y
LP000286,Male,Yes,0,Not Graduate,No,7700,559.236157132816,84,360,1.0,Urban,Y
LP000287,Male,Yes,0,Graduate,No,1831,987.687942191731,154,360,1.0,Rural,Y
LP000288,Male,Yes,1,Graduate,No,5844,868.6851264918984,240,360,1.0,Urban,Y
LP000289,Male,Yes,2,Graduate,No,8931,0.0,73,480,0.0,Semiurban,Y
LP000290,Male,Yes,0,Graduate,No,5075,0.0,138,360,0.0,Semiurban,Y
LP000291,Male,No,3+,Graduate,No,7743,0.0,141,180,1.0,Urban,Y
LP000292,Female,No,0,Graduate,No,13458,0.0,80,84,1.0,Semiurban,Y
LP000293,Male,Yes,3+,Not Graduate,No,7437,630.3621301721261,156,360,0.0,Urban,Y
LP000294,Male,Yes,0,Graduate,No,4673,0.0,209,360,1.0,Semiurban,Y
LP000295,Male,Yes,0,Graduate,No,7533,0.0,245,360,1.0,Semiurban,Y
LP000296,Male,Yes,0,Graduate,No,4389,0.0,121,84,1.0,Semiurban,Y
LP000297,Male,Yes,0,Not Graduate,No,4081,0.0,365,84,1.0,Semiurban,Y
LP000298,Male,Yes,0,Not Graduate,No,3258,5347.338507552655,58,360,1.0,Rural,N
LP000299,Male,Yes,0,Graduate,No,10280,3197.644177361752,154,360,1.0,Rural,Y
LP000300,Male,Yes,2,Graduate,No,2462,0.0,76,360,1.0,Urban,Y
LP000301,Male,Yes,0,Graduate,No,10091,0.0,139,360,1.0,Urban,Y
LP000302,Male,Yes,0,Graduate,No,5431,2035.4486406994226,108,360,1.0,Semiurban,N
LP000303,Male,No,1,Not Graduate,Yes,1737,538.3041595077966,164,480,1.0,Rural,Y
LP000304,Male,No,1,Graduate,No,5017,1381.5981793600452,127,360,1.0,Rural,Y
LP000305,Female,Yes,0,Graduate,Yes,1141,0.0,96,360,1.0,Rural,N
LP000306,Male,No,0,Graduate,No,5856,0.0,99,360,1.0,Urban,Y
LP000307,Male,Yes,0,Not Graduate,No,6844,0.0,290,360,0.0,Semiurban,N
LP000308,Male,No,0,Graduate,Yes,2820,0.0,160,360,0.0,Semiurban,Y
LP000309,Male,No,1,Graduate,No,4333,0.0,67,360,1.0,Urban,Y
LP000310,Male,Yes,0,Graduate,No,12997,0.0,167,300,1.0,Urban,Y
LP000311,Male,Yes,0,Not Graduate,No,2970,0.0,124,300,1.0,Rural,Y
LP000312,Male,Yes,1,Graduate,No,2131,1852.0069785809092,134,360,1.0,Urban,Y
LP000313,Female,Yes,0,Graduate,No,9788,0.0,186,180,0.0,Urban,Y
LP000314,Female,Yes,0,Graduate,Yes,13063,0.0,215,360,0.0,Urban,N
LP000315,Male,Yes,0,Graduate,No,4032,0.0,95,360,1.0,Rural,Y
LP000316,Male,Yes,3+,Graduate,No,7382,2598.804914432118,132,360,1.0,Semiurban,Y
LP000317,Male,No,0,Graduate,No,8999,1754.507525054611,107,360,1.0,Semiurban,Y
LP000318,Male,No,2,Graduate,No,2577,1617.2496515559533,170,480,1.0,Rural,Y
LP000319,Male,Yes,0,Graduate,No,3007,1005.736152408458,122,360,1.0,Urban,N
LP000320,Male,Yes,0,Graduate,Yes,8421,1385.3549626325268,135,360,1.0,Semiurban,Y
LP000321,Male,Yes,1,Not Graduate,No,11059,1834.8560391407366,120,360,1.0,Urban,Y
LP000322,Male,Yes,3+,Graduate,No,5640,0.0,128,360,1.0,Urban,Y
LP000323,Male,No,1,Not Graduate,No,2373,0.0,265,360,1.0,Rural,Y
LP000324,Female,Yes,2,Graduate,Yes,13256,704.5556399155786,349,360,1.0,Rural,Y
LP000325,Male,Yes,2,Graduate,No,2926,4183.760244375068,156,360,1.0,Urban,N
LP000326,Male,Yes,0,Graduate,No,3290,405.12944780345396,129,360,1.0,Urban,Y
LP000327,Male,Yes,0,Graduate,No,4941,877.2090805297014,70,360,1.0,Semiurban,Y
LP000328,Male,No,1,Graduate,No,10224,408.9851465506937,99,360,1.0,Urban,Y
LP000329,Male,No,0,Graduate,No,6716,0.0,127,360,0.0,Urban,Y
LP000330,Male,Yes,2,Graduate,No,5161,374.7818926373172,100,360,1.0,Urban,Y
LP000331,Male,Yes,3+,Not Graduate,No,5313,1022.7607919611746,105,360,1.0,Urban,Y
LP000332,Male,Yes,0,Graduate,No,4130,2861.945670021465,252,360,1.0,Rural,Y
LP000333,Male,No,0,Not Graduate,No,5624,0.0,135,360,1.0,Urban,N
LP000334,Male,No,2,Graduate,No,882,0.0,140,480,0.0,Urban,N
LP000335,Male,Yes,0,Graduate,No,3367,1683.470434669165,102,360,1.0,Semiurban,N
LP000336,Female,Yes,2,Graduate,No,4650,4569.957810304207,215,360,0.0,Rural,N
LP000337,Male,No,0,Graduate,No,2017,1004.0099709770868,123,84,1.0,Urban,Y
LP000338,Male,Yes,1,Graduate,No,5073,1325.0207250611677,109,360,0.0,Urban,N
LP000339,Male,No,0,Graduate,No,3559,1210.6083519992542,71,360,1.0,Urban,Y
LP000340,Male,Yes,1,Graduate,Yes,11536,787.7375242558207,131,360,0.0,Semiurban,N
LP000341,Male,Yes,0,Graduate,No,10340,0.0,107,300,1.0,Semiurban,Y
LP000342,Male,Yes,1,Graduate,No,3042,0.0,263,480,1.0,Rural,Y
LP000343,Male,Yes,0,Not Graduate,No,3675,974.4492540737265,280,360,1.0,Rural,Y
LP000344,Male,Yes,1,Not Graduate,No,3849,0.0,81,360,0.0,Rural,N
LP000345,Male,No,2,Graduate,No,3068,4660.112803153161,85,360,1.0,Semiurban,Y
LP000346,Male,Yes,0,Not Graduate,No,4523,0.0,120,84,1.0,Semiurban,Y
LP000347,Male,Yes,0,Graduate,No,2553,3715.687017408433,96,300,0.0,Urban,Y
LP000348,Male,Yes,0,Graduate,No,2041,0.0,146,360,1.0,Rural,Y
LP000349,Male,Yes,1,Not Graduate,No,5846,1130.9067056592792,117,360,1.0,Semiurban,Y
LP000350,Male,Yes,1,Graduate,No,5870,836.9915273286163,150,360,1.0,Urban,Y
LP000351,Female,Yes,0,Graduate,No,2483,0.0,201,360,1.0,Semiurban,Y
LP000352,Male,No,0,Graduate,No,6885,0.0,87,360,0.0,Urban,N
LP000353,Male,Yes,0,Graduate,No,2754,1728.0160005178689,199,360,1.0,Semiurban,Y
LP000354,Male,Yes,1,Graduate,No,4683,0.0,100,360,1.0,Semiurban,Y
LP000355,Male,Yes,0,Not Graduate,No,6582,0.0,317,360,0.0,Semiurban,Y
LP000356,Male,No,3+,Graduate,No,3943,2096.7429205440144,256,84,1.0,Rural,Y
LP000357,Male,No,0,Graduate,No,5286,0.0,128,360,1.0,Urban,Y
LP000358,Female,No,1,Not Graduate,No,2951,899.3129902274306,91,360,1.0,Semiurban,Y
LP000359,Male,Yes,0,Graduate,No,3576,2051.738562400258,84,360,1.0,Semiurban,Y
LP000360,Male,Yes,0,Graduate,No,3556,7814.186645540944,190,84,1.0,Semiurban,Y
LP000361,Male,Yes,1,Graduate,Yes,2571,0.0,132,360,0.0,Rural,N
LP000362,Male,Yes,1,Graduate,Yes,3618,1673.5477679557048,194,360,1.0,Semiurban,Y
LP000363,Male,Yes,3+,Not Graduate,No,1588,0.0,324,360,1.0,Semiurban,Y
LP000364,Female,Yes,0,Graduate,No,2996,4610.8106538670745,98,360,1.0,Urban,Y
LP000365,Male,Yes,0,Not Graduate,No,3391,2165.0771909035884,82,360,1.0,Rural,Y
LP000366,Female,Yes,1,Graduate,No,3450,1526.3986472454455,145,360,0.0,Semiurban,N
LP000367,Female,No,1,Not Graduate,No,3481,1926.9202652540775,212,480,0.0,Semiurban,Y
LP000368,Male,Yes,0,Graduate,No,3877,3363.7857536020033,92,360,1.0,Urban,Y
LP000369,Male,Yes,0,Not Graduate,No,5365,3372.7347849025264,136,180,1.0,Urban,Y
LP000370,Male,No,0,Graduate,No,6800,0.0,232,360,1.0,Semiurban,Y
LP000371,Male,Yes,2,Not Graduate,Yes,2724,0.0,69,360,1.0,Rural,Y
LP000372,Male,No,0,Graduate,No,1954,1868.8162832665569,147,360,1.0,Semiurban,Y
LP000373,Male,Yes,0,Graduate,Yes,2153,0.0,108,360,1.0,Rural,Y
LP000374,Male,Yes,0,Not Graduate,No,3003,0.0,141,360,1.0,Semiurban,Y
LP000375,Male,No,0,Graduate,No,3257,2171.5513826248275,178,360,1.0,Semiurban,N
LP000376,Female,No,0,Not Graduate,Yes,2535,0.0,146,360,1.0,Urban,Y
LP000377,Male,No,0,Graduate,No,1848,0.0,89,360,1.0,Rural,Y
LP000378,Female,Yes,0,Graduate,No,3060,2816.4886173014866,109,360,1.0,Urban,Y
LP000379,Male,Yes,2,Graduate,No,4486,0.0,237,84,1.0,Rural,Y
LP000380,Male,Yes,0,Graduate,No,5750,603.4487056926934,153,360,1.0,Rural,Y
LP000381,Male,Yes,0,Graduate,Yes,2880,7520.885231848006,187,360,0.0,Rural,N
LP000382,Male,No,2,Graduate,No,3140,2414.6964123134,148,360,1.0,Semiurban,Y
LP000383,Female,Yes,1,Graduate,No,2307,1532.58476251728,185,360,1.0,Semiurban,Y
LP000384,Male,No,0,Graduate,No,3948,0.0,114,360,1.0,Rural,N
LP000385,Male,Yes,0,Graduate,No,2418,0.0,98,180,0.0,Urban,Y
LP000386,Male,Yes,0,Graduate,No,5675,1159.2894767734626,182,360,0.0,Semiurban,Y
LP000387,Male,Yes,1,Graduate,No,1378,0.0,210,360,1.0,Urban,N
LP000388,Male,No,3+,Graduate,No,3242,7360.966030970525,93,360,1.0,Semiurban,Y
LP000389,Male,No,1,Graduate,No,4820,0.0,106,360,0.0,Urban,N
LP000390,Female,No,0,Not Graduate,No,4493,0.0,125,360,1.0,Urban,Y
LP000391,Male,No,1,Not Graduate,No,20248,1037.2411268377152,256,360,1.0,Urban,Y
LP000392,Male,No,0,Graduate,No,4963,1339.6214522348096,168,360,1.0,Semiurban,Y
LP000393,Male,No,0,Graduate,No,2202,1441.571162162956,79,180,1.0,Semiurban,Y
LP000394,Male,Yes,0,Not Graduate,No,3799,0.0,129,360,1.0,Urban,Y
LP000395,Female,Yes,3+,Graduate,No,1386,1183.8585140576008,121,360,1.0,Semiurban,Y
LP000396,Female,Yes,0,Graduate,No,3833,0.0,83,360,1.0,Urban,Y
LP000397,Male,No,1,Graduate,No,2441,0.0,128,360,0.0,Semiurban,Y
LP000398,Male,No,0,Not Graduate,Yes,6969,2210.9529201194186,119,360,1.0,Semiurban,N
LP000399,Male,Yes,0,Graduate,No,2893,0.0,116,360,1.0,Semiurban,Y
LP000400,Male,No,0,Graduate,No,3751,0.0,114,300,1.0,Semiurban,Y
LP000401,Female,No,0,Not Graduate,Yes,2748,2125.7140259657726,241,180,1.0,Urban,N
LP000402,Male,Yes,2,Not Graduate,Yes,11422,0.0,116,180,1.0,Rural,Y
LP000403,Female,Yes,0,Graduate,No,3318,0.0,136,360,0.0,Semiurban,Y
LP000404,Male,No,1,Graduate,No,12082,0.0,131,360,1.0,Semiurban,Y
LP000405,Female,Yes,2,Not Graduate,No,6558,6797.605456988393,109,360,1.0,Semiurban,Y
LP000406,Male,No,3+,Graduate,No,5373,0.0,138,360,1.0,Urban,Y
LP000407,Male,Yes,0,Graduate,No,5020,0.0,137,360,1.0,Semiurban,N
LP000408,Female,No,0,Graduate,No,5096,2644.227383795116,138,360,0.0,Semiurban,N
LP000409,Male,No,0,Not Graduate,No,1265,4226.361650024955,95,360,1.0,Urban,Y
LP000410,Male,No,3+,Graduate,No,3403,0.0,123,360,0.0,Urban,Y
LP000411,Female,Yes,3+,Not Graduate,No,6681,1677.8869499895154,182,360,1.0,Urban,Y
LP000412,Female,No,0,Not Graduate,No,3907,713.7786675592423,124,360,1.0,Rural,Y
LP000413,Male,No,2,Graduate,No,1731,1354.0153452026425,143,360,1.0,Semiurban,Y
LP000414,Male,Yes,0,Graduate,No,3899,0.0,143,360,1.0,Urban,Y
LP000415,Male,No,1,Graduate,No,11186,4672.211046639751,158,360,1.0,Urban,Y
LP000416,Male,Yes,0,Graduate,No,8502,1342.3066016571286,167,360,1.0,Semiurban,Y
LP000417,Male,Yes,2,Graduate,No,3876,2731.216711485505,125,360,1.0,Rural,Y
LP000418,Male,Yes,0,Graduate,No,7121,0.0,93,360,1.0,Urban,Y
LP000419,Male,Yes,2,Graduate,No,3229,1103.1077012949413,82,360,1.0,Urban,Y
LP000420,Male,Yes,2,Not Graduate,No,1447,3645.192723387493,201,360,1.0,Rural,Y
LP000421,Male,No,1,Graduate,No,2310,0.0,182,360,0.0,Urban,Y
LP000422,Male,Yes,0,Graduate,No,10277,0.0,174,360,1.0,Urban,N
LP000423,Male,No,0,Graduate,No,3413,0.0,185,360,1.0,Rural,Y
LP000424,Male,Yes,0,Graduate,No,3477,4435.902127456339,125,360,1.0,Semiurban,N
LP000425,Male,Yes,0,Graduate,No,3361,1459.5553700825087,104,180,1.0,Urban,Y
LP000426,Male,Yes,0,Graduate,No,12612,0.0,90,360,1.0,Urban,N
LP000427,Female,No,3+,Graduate,Yes,10674,0.0,86,360,1.0,Urban,Y
LP000428,Male,Yes,0,Graduate,Yes,15233,0.0,218,360,1.0,Urban,Y
LP000429,Male,Yes,0,Graduate,No,3657,0.0,110,360,0.0,Rural,Y
LP000430,Male,No,0,Graduate,No,4804,0.0,204,360,1.0,Semiurban,Y
LP000431,Male,Yes,0,Graduate,No,1619,0.0,124,360,1.0,Semiurban,N
LP000432,Male,Yes,1,Not Graduate,No,9761,2577.0528128203273,102,84,1.0,Rural,Y
LP000433,Male,Yes,0,Graduate,No,1996,0.0,86,360,1.0,Semiurban,Y
LP000434,Male,No,3+,Graduate,No,4582,1107.9496967994744,106,360,1.0,Urban,Y
LP000435,Male,Yes,0,Graduate,No,2083,1005.8352839249072,236,360,1.0,Semiurban,N
LP000436,Male,No,3+,Graduate,No,2826,0.0,87,480,1.0,Rural,Y
LP000437,Female,Yes,2,Graduate,No,2434,0.0,313,360,1.0,Rural,Y
LP000438,Male,No,0,Graduate,No,2794,0.0,95,360,1.0,Urban,Y
LP000439,Male,No,3+,Graduate,No,2911,0.0,181,360,1.0,Semiurban,Y
LP000440,Male,No,0,Graduate,No,2895,0.0,126,360,1.0,Semiurban,N
LP000441,Female,Yes,2,Graduate,No,6634,0.0,118,360,1.0,Rural,Y
LP000442,Male,No,0,Graduate,No,2073,1188.4931116993369,80,360,0.0,Urban,N
LP000443,Male,Yes,2,Graduate,Yes,4593,0.0,129,360,0.0,Semiurban,N
LP000444,Female,Yes,2,Not Graduate,Yes,8356,662.5273669415142,84,360,1.0,Rural,Y
LP000445,Female,Yes,2,Graduate,No,2957,529.5183405734674,68,480,1.0,Semiurban,Y
LP000446,Female,No,2,Graduate,Yes,2615,0.0,140,360,1.0,Semiurban,Y
LP000447,Male,No,0,Graduate,No,3504,853.7680381231238,104,300,0.0,Urban,N
LP000448,Male,No,0,Graduate,No,8166,0.0,263,360,1.0,Urban,Y
LP000449,Male,Yes,0,Graduate,Yes,4520,1676.4488047301927,200,360,1.0,Urban,Y
LP000450,Male,Yes,0,Graduate,No,2925,0.0,264,360,1.0,Rural,Y
LP000451,Male,No,1,Graduate,No,5379,3693.6229923409164,102,360,0.0,Urban,Y
LP000452,Male,Yes,0,Graduate,No,2076,6765.454453152728,141,360,1.0,Semiurban,Y
LP000453,Female,Yes,3+,Graduate,No,6056,0.0,47,360,0.0,Semiurban,Y
LP000454,Male,Yes,1,Graduate,No,5141,0.0,119,360,1.0,Urban,Y
LP000455,Male,Yes,2,Graduate,Yes,3345,3584.7518340353595,139,360,1.0,Semiurban,Y
LP000456,Male,Yes,0,Graduate,No,2432,5412.297267170782,142,360,1.0,Semiurban,Y
LP000457,Male,Yes,2,Graduate,No,2363,1323.5344287661758,132,360,1.0,Rural,Y
LP000458,Male,Yes,3+,Not Graduate,No,5546,4794.269511109301,137,360,1.0,Semiurban,Y
LP000459,Male,Yes,0,Graduate,No,8411,3559.646852441602,45,360,1.0,Semiurban,Y
LP000460,Male,No,1,Graduate,No,2745,0.0,148,480,0.0,Urban,N
LP000461,Male,Yes,2,Graduate,No,5297,3013.712947434587,162,360,1.0,Rural,Y
LP000462,Male,Yes,0,Not Graduate,No,1150,247.09010675324387,229,360,1.0,Urban,Y
LP000463,Male,No,0,Graduate,No,2833,0.0,155,360,1.0,Rural,Y
LP000464,Female,Yes,0,Graduate,No,3949,0.0,127,360,0.0,Urban,N
LP000465,Male,No,0,Graduate,No,2331,0.0,208,84,1.0,Rural,N
LP000466,Male,No,0,Graduate,No,2294,0.0,52,360,0.0,Semiurban,Y
LP000467,Female,Yes,0,Graduate,No,2695,0.0,109,360,0.0,Semiurban,N
LP000468,Male,Yes,0,Graduate,No,4794,0.0,98,360,1.0,Urban,Y
LP000469,Female,No,0,Not Graduate,No,3596,11568.400643971909,132,360,1.0,Semiurban,Y
LP000470,Male,No,3+,Graduate,No,1050,0.0,55,300,1.0,Semiurban,Y
LP000471,Female,Yes,0,Graduate,No,1127,4160.455037330855,227,360,1.0,Rural,Y
LP000472,Male,Yes,3+,Not Graduate,No,2795,0.0,121,360,0.0,Urban,N
LP000473,Female,Yes,0,Graduate,No,5295,0.0,152,360,1.0,Rural,Y
LP000474,Male,No,0,Graduate,No,773,0.0,146,360,1.0,Rural,Y
LP000475,Female,Yes,0,Graduate,No,2981,0.0,222,360,1.0,Urban,Y
LP000476,Male,No,0,Graduate,Yes,2934,0.0,63,360,1.0,Rural,Y
LP000477,Male,Yes,0,Graduate,No,9255,0.0,140,360,0.0,Semiurban,Y
LP000478,Female,Yes,1,Not Graduate,No,3193,0.0,212,480,1.0,Semiurban,Y
LP000479,Male,Yes,0,Graduate,No,5063,0.0,129,360,1.0,Urban,Y
LP000480,Male,Yes,1,Graduate,No,4379,0.0,91,360,1.0,Semiurban,Y
LP000481,Male,Yes,1,Graduate,No,1120,911.0359193233143,105,360,1.0,Semiurban,Y
LP000482,Male,Yes,0,Not Graduate,No,6380,1916.2863885484073,114,84,1.0,Semiurban,Y
LP000483,Male,Yes,0,Not Graduate,Yes,4579,688.4086858570149,100,360,1.0,Semiurban,Y
LP000484,Male,No,2,Not Graduate,No,5458,1547.792025106147,126,360,1.0,Semiurban,N
LP000485,Female,Yes,0,Graduate,No,42435,1026.4887575085666,245,360,1.0,Semiurban,Y
LP000486,Male,Yes,0,Graduate,No,1152,0.0,105,360,1.0,Urban,Y
LP000487,Male,No,3+,Graduate,No,11325,6670.736277646534,110,360,1.0,Rural,Y
LP000488,Female,No,0,Graduate,No,3386,3755.6524237500253,161,360,1.0,Semiurban,Y
LP000489,Female,No,1,Graduate,Yes,4780,0.0,125,360,1.0,Urban,Y
LP000490,Male,No,3+,Graduate,No,3915,0.0,78,360,1.0,Urban,Y
LP000491,Male,Yes,0,Graduate,No,3119,2745.487782629665,131,360,1.0,Semiurban,N
LP000492,Male,Yes,0,Graduate,No,2858,0.0,129,180,1.0,Rural,Y
LP000493,Male,No,0,Graduate,No,4903,882.4359587166737,198,300,1.0,Urban,Y
LP000494,Male,No,0,Graduate,No,1619,0.0,91,360,0.0,Semiurban,N
LP000495,Male,Yes,0,Graduate,No,6312,0.0,198,360,1.0,Urban,Y
LP000496,Male,No,1,Graduate,No,3134,4724.066842530651,129,360,1.0,Semiurban,Y
LP000497,Male,Yes,0,Graduate,No,2042,0.0,86,360,1.0,Rural,Y
LP000498,Female,Yes,0,Graduate,No,3071,0.0,79,360,1.0,Rural,Y
LP000499,Female,Yes,3+,Graduate,No,8555,3267.3107384238,291,360,1.0,Urban,Y
LP000500,Male,Yes,2,Graduate,No,2918,0.0,125,360,1.0,Semiurban,Y
LP000501,Male,Yes,1,Graduate,No,4989,0.0,195,360,1.0,Urban,Y
LP000502,Male,Yes,0,Not Graduate,No,2595,0.0,67,360,1.0,Semiurban,Y
LP000503,Female,No,1,Graduate,No,6340,0.0,385,360,1.0,Rural,N
LP000504,Male,Yes,0,Graduate,No,6071,0.0,191,360,1.0,Rural,Y
LP000505,Male,Yes,0,Graduate,No,12199,0.0,121,360,1.0,Urban,Y
LP000506,Female,No,0,Graduate,No,3621,0.0,118,360,1.0,Rural,Y
LP000507,Female,No,2,Graduate,No,6010,687.0578199700848,180,360,1.0,Semiurban,Y
LP000508,Female,No,0,Graduate,No,4267,0.0,176,360,0.0,Urban,Y
LP000509,Male,No,0,Not Graduate,No,8756,1604.9125565605123,144,360,1.0,Semiurban,N
LP000510,Male,No,0,Graduate,No,2614,3525.582892180782,134,300,1.0,Semiurban,Y
LP000511,Male,Yes,0,Not Graduate,No,6291,3146.915998341648,168,360,0.0,Semiurban,Y
LP000512,Female,Yes,2,Graduate,No,3580,445.2059368693934,66,360,1.0,Semiurban,Y
LP000513,Female,Yes,1,Graduate,No,3871,642.5770713559253,115,360,1.0,Semiurban,Y
LP000514,Male,Yes,2,Not Graduate,No,4251,0.0,69,480,1.0,Urban,Y
LP000515,Male,Yes,0,Graduate,No,4681,0.0,171,480,0.0,Rural,Y
LP000516,Male,No,0,Graduate,No,3752,3945.1804227926546,102,360,0.0,Semiurban,Y
LP000517,Female,Yes,0,Graduate,No,4577,0.0,71,300,1.0,Urban,Y
LP000518,Female,Yes,0,Graduate,No,10372,0.0,97,360,1.0,Rural,Y
LP000519,Male,Yes,0,Graduate,Yes,7268,0.0,142,360,1.0,Rural,Y
LP000520,Male,No,2,Graduate,No,6778,0.0,123,360,1.0,Rural,Y
LP000521,Male,Yes,0,Graduate,Yes,3061,0.0,83,360,1.0,Urban,Y
LP000522,Female,No,0,Graduate,No,2360,0.0,67,180,1.0,Urban,Y
LP000523,Female,Yes,0,Graduate,No,7137,0.0,138,360,1.0,Semiurban,Y
LP000524,Female,Yes,0,Graduate,No,6806,6019.357847382411,106,300,1.0,Urban,Y
LP000525,Male,Yes,0,Graduate,No,9736,6862.172003829799,121,360,1.0,Rural,Y
LP000526,Male,No,3+,Graduate,No,2800,0.0,125,360,1.0,Urban,Y
LP000527,Male,Yes,2,Graduate,No,3506,2589.901121733692,159,360,1.0,Urban,Y
LP000528,Male,No,3+,Graduate,No,1504,606.2792422136433,188,360,0.0,Semiurban,Y
LP000529,Female,Yes,0,Not Graduate,No,3179,3659.6618197057264,142,360,1.0,Semiurban,Y
LP000530,Female,Yes,0,Graduate,Yes,7316,0.0,118,360,1.0,Rural,Y
LP000531,Female,No,0,Graduate,No,3041,0.0,135,300,1.0,Semiurban,Y
LP000532,Female,No,0,Graduate,No,5909,2180.3039299692527,117,360,1.0,Urban,Y
LP000533,Male,No,2,Graduate,No,3589,2295.0887041476035,69,360,0.0,Urban,N
LP000534,Male,No,0,Graduate,No,4887,3870.890320181468,207,360,1.0,Semiurban,Y
LP000535,Female,No,0,Not Graduate,No,2021,357.578064849224,192,360,1.0,Urban,Y
LP000536,Female,No,0,Graduate,No,4234,0.0,297,300,1.0,Semiurban,Y
LP000537,Male,No,0,Not Graduate,No,668,1027.0911355883939,334,360,1.0,Semiurban,Y
LP000538,Male,No,1,Not Graduate,Yes,3597,0.0,83,360,1.0,Semiurban,Y
LP000539,Male,No,0,Not Graduate,No,1512,0.0,117,360,1.0,Rural,Y
LP000540,Female,Yes,0,Not Graduate,No,8296,4217.436777985204,366,360,1.0,Rural,Y
LP000541,Male,No,0,Graduate,No,6415,0.0,132,360,1.0,Rural,Y
LP000542,Male,Yes,0,Graduate,No,5324,0.0,148,360,1.0,Urban,Y
LP000543,Male,No,2,Graduate,No,10022,3955.0071562652374,73,360,0.0,Urban,N
LP000544,Male,No,2,Graduate,No,2277,0.0,142,360,1.0,Urban,Y
LP000545,Male,Yes,3+,Graduate,No,11480,2541.1090316361983,290,360,0.0,Rural,Y
LP000546,Male,No,2,Graduate,No,7039,0.0,224,360,1.0,Rural,Y
LP000547,Male,Yes,0,Graduate,No,3491,2013.1122724857564,105,360,1.0,Rural,Y
LP000548,Male,Yes,1,Graduate,No,7953,1128.430128051101,114,360,1.0,Urban,Y
LP000549,Male,No,0,Graduate,No,2071,820.3255939813199,85,360,1.0,Rural,Y
LP000550,Male,Yes,0,Graduate,No,2453,3546.0406718871322,95,360,1.0,Semiurban,Y
LP000551,Female,No,2,Graduate,Yes,2792,3828.8984506426996,62,180,1.0,Urban,N
LP000552,Male,No,0,Not Graduate,No,2929,0.0,129,360,1.0,Semiurban,Y
LP000553,Male,Yes,3+,Graduate,Yes,2134,4047.9067658734034,245,360,1.0,Urban,Y
LP000554,Female,Yes,0,Graduate,No,8382,1858.5517034966429,154,300,1.0,Semiurban,Y
LP000555,Male,Yes,1,Graduate,No,3445,525.0094018134737,231,360,1.0,Urban,Y
LP000556,Male,Yes,1,Graduate,No,4971,3220.150765434522,206,360,1.0,Semiurban,Y
LP000557,Male,No,2,Graduate,No,2857,2468.048369464547,107,360,1.0,Semiurban,Y
LP000558,Male,Yes,1,Graduate,No,1349,718.0289333732998,99,360,1.0,Rural,Y
LP000559,Male,Yes,1,Graduate,No,4731,965.8390284391667,100,360,1.0,Semiurban,Y
LP000560,Male,Yes,0,Graduate,No,1277,0.0,67,360,1.0,Semiurban,Y
LP000561,Male,Yes,0,Graduate,No,3861,0.0,136,84,1.0,Rural,Y
LP000562,Male,No,0,Graduate,Yes,1770,475.8585246336472,42,360,1.0,Rural,Y
LP000563,Male,Yes,1,Graduate,No,13258,6115.555568390894,170,360,1.0,Urban,Y
LP000564,Male,No,0,Graduate,No,6952,4491.094135957546,138,360,1.0,Semiurban,Y
LP000565,Male,Yes,1,Graduate,No,4287,0.0,162,360,1.0,Urban,Y
LP000566,Male,No,0,Not Graduate,No,8588,2163.2632476662866,204,360,1.0,Urban,Y
LP000567,Male,Yes,0,Graduate,No,2421,2633.411281436869,145,360,1.0,Semiurban,Y
LP000568,Female,Yes,1,Graduate,Yes,5575,1752.4750543726504,257,360,1.0,Rural,Y
LP000569,Male,No,0,Graduate,No,4536,0.0,172,360,1.0,Urban,Y
LP000570,Male,Yes,0,Graduate,No,4714,0.0,99,180,1.0,Rural,Y
LP000571,Male,No,0,Graduate,No,8633,0.0,122,180,0.0,Rural,Y
LP000572,Male,No,3+,Graduate,No,6244,323.1424230627324,54,360,1.0,Rural,N
LP000573,Male,Yes,1,Not Graduate,No,4784,1294.2315022003183,93,360,1.0,Urban,Y
LP000574,Female,Yes,0,Graduate,No,1490,2022.9009941944855,115,360,1.0,Rural,Y
LP000575,Female,No,0,Graduate,No,2261,0.0,167,180,1.0,Urban,Y
LP000576,Male,Yes,0,Graduate,No,3738,0.0,99,360,1.0,Semiurban,Y
LP000577,Female,Yes,2,Graduate,Yes,4255,0.0,81,360,1.0,Urban,Y
LP000578,Male,Yes,1,Graduate,No,2042,3153.1660429982217,63,360,0.0,Urban,Y
LP000579,Male,Yes,0,Graduate,No,17102,798.7675952664828,105,360,1.0,Semiurban,Y
LP000580,Male,Yes,0,Graduate,No,9994,0.0,293,360,1.0,Semiurban,Y
LP000581,Female,No,0,Graduate,No,5774,2115.2010947469153,149,360,0.0,Urban,N
LP000582,Male,No,1,Graduate,Yes,4201,1521.5211803781594,195,360,0.0,Urban,N
LP000583,Male,No,2,Not Graduate,No,3542,2129.220491484868,93,360,1.0,Semiurban,Y
LP000584,Male,No,0,Graduate,No,2272,0.0,71,360,0.0,Urban,Y
LP000585,Male,Yes,0,Not Graduate,No,4215,1302.7734915392969,82,360,1.0,Rural,Y
LP000586,Male,No,0,Graduate,Yes,4696,3078.9178257546287,129,180,0.0,Urban,Y
LP000587,Male,Yes,3+,Not Graduate,No,1910,0.0,60,360,1.0,Urban,Y
LP000588,Male,Yes,0,Graduate,No,4917,1875.8219164646048,89,180,1.0,Semiurban,Y
LP000589,Male,Yes,2,Not Graduate,No,3665,1374.6585325750573,106,360,1.0,Semiurban,Y
LP000590,Male,Yes,1,Not Graduate,No,1280,422.25804985173016,79,360,1.0,Urban,N
LP000591,Male,No,0,Graduate,No,2401,4620.256380791842,57,360,1.0,Urban,Y
LP000592,Male,No,0,Not Graduate,No,3139,3314.2814417463105,150,360,1.0,Rural,N
LP000593,Male,Yes,0,Graduate,No,12489,176.69223336054188,136,360,1.0,Semiurban,Y
LP000594,Female,Yes,1,Graduate,No,5619,0.0,183,360,1.0,Urban,Y
LP000595,Male,No,2,Graduate,No,1805,2603.790003180238,86,360,1.0,Semiurban,Y
LP000596,Male,Yes,1,Graduate,No,5386,7058.668581435131,181,360,1.0,Rural,Y
LP000597,Male,Yes,0,Graduate,No,1590,2573.560741149875,247,360,1.0,Urban,Y
LP000598,Male,Yes,0,Graduate,No,7704,2028.1317928341139,149,300,1.0,Urban,Y
LP000599,Male,No,3+,Graduate,No,3033,0.0,105,360,0.0,Semiurban,N
LP000600,Male,No,2,Graduate,No,3804,1202.4959637762952,142,300,1.0,Semiurban,Y
LP000601,Male,Yes,0,Not Graduate,Yes,8914,5029.584476575292,103,360,1.0,Semiurban,Y
LP000602,Male,Yes,3+,Graduate,Yes,1858,0.0,96,360,1.0,Urban,Y
LP000603,Male,No,1,Graduate,No,1740,0.0,176,180,1.0,Urban,Y
LP000604,Male,No,1,Graduate,No,2835,0.0,127,360,1.0,Semiurban,Y
LP000605,Male,Yes,2,Graduate,Yes,7502,1435.931290844824,217,360,1.0,Urban,Y
LP000606,Male,No,2,Graduate,No,1617,0.0,112,360,1.0,Semiurban,N
LP000607,Male,Yes,1,Graduate,No,735,1008.5995103363645,117,180,1.0,Semiurban,Y
LP000608,Male,Yes,0,Graduate,No,3069,4372.551017579318,107,180,1.0,Urban,Y
LP000609,Male,No,0,Not Graduate,No,5602,0.0,85,360,1.0,Rural,Y
LP000610,Male,Yes,3+,Graduate,Yes,8268,2222.484037148624,186,360,0.0,Rural,N
LP000611,Male,Yes,0,Graduate,No,3047,0.0,321,360,1.0,Semiurban,Y
LP000612,Male,Yes,0,Graduate,No,3143,2555.007301867057,115,360,1.0,Urban,N
LP000613,Male,Yes,0,Graduate,No,8041,1388.39533614899,102,360,1.0,Urban,Y
